{
  "name": "Jack Broton",
  "characterPreset": "Jack Broton",
  "parameters": {
    "BetterAnimation": true,
    "SpecialIcons": [
      "special.png",
      "special2.png",
      "special2.png"
    ],
    "Avatar": "avatar.png",
    "GunSpriteOffset":
    {
      "x": 0,
      "y": 0
    },
    "Sprite": "sprite.png",
    "GunSprite": "gunSprite.png"
  },
  "cutscene": {
    "heading": "Jack Broton",
    "subtitle1": "Joins the Battle!",
    "headingScale": 0.15,
    "spriteRect":
    {
     "x": -10,
     "y": 270,
     "width": 276,
     "height": 276
    },
    "spritePath": "cutscene.png",
    "barkPath": "sounds/Jack Broton.wav",
    "anim": "Intro_Bro_Brochete",
    "playCutsceneOnFirstSpawn": true
  },
  "beforeAwake": {
    "speed": 110,
    "fireRate": 0.12,
    "canChimneyFlip": true,
    "originalSpecialAmmo": 3
  },
  "unlockConfig": {
    "method": "RescueCount",
    "RescueCountRequired": 5
  }
}